{"cameraMode":{"drawMode":0,"name":"Shaded","section":"Shading Mode"},"sceneLighting":true,"audioPlay":false,"sceneViewState":{"showFog":true,"showMaterialUpdate":false,"showSkybox":true,"showFlares":true,"showImageEffects":true,"showParticleSystems":true},"in2DMode":false,"pivot":{"x":1.6858916282653809,"y":1.0063729286193848,"z":-0.3992188572883606},"rotation":{"x":-0.14082182943820954,"y":-0.747281014919281,"z":0.16774556040763856,"w":-0.627376914024353},"size":8.631698608398438,"orthographic":false}