{"cameraMode":{"drawMode":0,"name":"Shaded","section":"Shading Mode"},"sceneLighting":false,"audioPlay":false,"sceneViewState":{"showFog":true,"showMaterialUpdate":false,"showSkybox":true,"showFlares":true,"showImageEffects":true,"showParticleSystems":true},"in2DMode":false,"pivot":{"x":-0.20962870121002198,"y":1.1002471446990967,"z":0.732381284236908},"rotation":{"x":-0.17944109439849854,"y":-0.8196736574172974,"z":0.3630995750427246,"w":-0.40508607029914858},"size":10.35540771484375,"orthographic":true}